timestamp,city,temperature,description
2025-12-09T10:46:46.025Z,Dublin,5.23,mist
2025-12-09T11:10:12.134Z,Dublin,5.32,mist
2025-12-09T12:06:02.887Z,Dublin,5.22,clear sky
2025-12-09T14:05:54.275Z,Dublin,4.75,mist
2025-12-09T14:05:54.277Z,Dublin,4.75,mist
2025-12-09T14:24:44.052Z,Dublin,4.82,mist
2025-12-09T14:24:44.054Z,Dublin,4.82,mist
2025-12-09T16:29:37.237Z,Dublin,5.5,mist
2025-12-09T16:29:37.242Z,Dublin,5.5,mist
2025-12-09T18:30:04.270Z,Dublin,7.92,few clouds
2025-12-09T18:30:04.273Z,Dublin,7.92,few clouds
2025-12-09T20:22:42.646Z,Dublin,11.19,haze
2025-12-09T20:22:42.648Z,Dublin,11.19,haze
2025-12-09T22:21:23.837Z,Dublin,13.48,haze
2025-12-09T22:21:23.849Z,Dublin,13.48,haze
2025-12-10T01:48:20.910Z,Dublin,10.19,mist
2025-12-10T01:48:20.912Z,Dublin,10.19,mist
2025-12-10T03:23:57.668Z,Dublin,9.44,haze
2025-12-10T03:23:57.670Z,Dublin,9.44,haze
2025-12-10T04:34:28.892Z,Dublin,8.02,mist
2025-12-10T04:34:28.894Z,Dublin,8.02,mist
2025-12-10T06:35:35.747Z,Dublin,6.48,mist
2025-12-10T06:35:35.749Z,Dublin,6.48,mist
2025-12-10T08:32:05.015Z,Dublin,6.25,mist
2025-12-10T08:32:05.022Z,Dublin,6.14,mist
2025-12-10T10:26:44.859Z,Dublin,5.98,fog
2025-12-10T10:26:44.861Z,Dublin,5.98,fog
2025-12-10T12:49:30.902Z,Dublin,5.68,mist
2025-12-10T12:49:30.903Z,Dublin,5.68,mist
2025-12-10T14:25:17.601Z,Dublin,5.38,mist
2025-12-10T14:25:17.603Z,Dublin,5.38,mist
2025-12-10T16:30:40.910Z,Dublin,5.95,mist
2025-12-10T16:30:40.948Z,Dublin,5.95,mist
2025-12-10T18:33:08.630Z,Dublin,10.58,clear sky
2025-12-10T18:33:08.632Z,Dublin,10.58,clear sky
2025-12-10T20:27:29.684Z,Dublin,14.25,clear sky
2025-12-10T20:27:29.686Z,Dublin,14.25,clear sky
2025-12-10T22:22:06.921Z,Dublin,17.65,clear sky
2025-12-10T22:22:06.923Z,Dublin,17.65,clear sky
2025-12-11T01:49:36.131Z,Dublin,9.45,clear sky
2025-12-11T01:49:36.133Z,Dublin,9.5,clear sky
2025-12-11T03:28:00.032Z,Dublin,9.06,clear sky
2025-12-11T03:28:00.033Z,Dublin,9.06,clear sky
2025-12-11T04:36:21.069Z,Dublin,11.13,clear sky
2025-12-11T04:36:21.071Z,Dublin,11.13,clear sky
2025-12-11T06:36:27.707Z,Dublin,5.97,mist
2025-12-11T06:36:27.710Z,Dublin,5.97,mist
2025-12-11T08:32:15.432Z,Dublin,6.35,mist
2025-12-11T08:32:15.434Z,Dublin,6.35,mist
2025-12-11T10:27:08.973Z,Dublin,6.23,mist
2025-12-11T10:27:08.975Z,Dublin,6.23,mist
2025-12-11T12:50:28.138Z,Dublin,5.74,mist
2025-12-11T12:50:28.140Z,Dublin,5.74,mist
2025-12-11T14:23:50.591Z,Dublin,5.68,mist
2025-12-11T14:23:50.593Z,Dublin,5.68,mist
2025-12-11T16:33:43.276Z,Dublin,5.56,mist
2025-12-11T16:33:43.279Z,Dublin,5.53,mist
2025-12-11T18:33:08.778Z,Dublin,7.97,fog
2025-12-11T18:33:08.780Z,Dublin,7.97,fog
2025-12-11T20:25:45.778Z,Dublin,13.32,clear sky
2025-12-11T20:25:45.793Z,Dublin,13.32,clear sky
2025-12-11T22:22:17.741Z,Dublin,17.37,clear sky
2025-12-11T22:22:17.743Z,Dublin,17.37,clear sky
2025-12-12T01:48:31.424Z,Dublin,11.75,clear sky
2025-12-12T01:48:31.536Z,Dublin,11.75,clear sky
2025-12-12T03:24:54.977Z,Dublin,11.7,clear sky
2025-12-12T03:24:54.978Z,Dublin,11.7,clear sky
2025-12-12T04:35:03.557Z,Dublin,8.3,clear sky
2025-12-12T04:35:03.565Z,Dublin,8.3,clear sky
2025-12-12T06:35:37.971Z,Dublin,6.26,clear sky
2025-12-12T06:35:37.973Z,Dublin,6.26,clear sky
2025-12-12T08:32:31.542Z,Dublin,10.78,clear sky
2025-12-12T08:32:31.544Z,Dublin,10.78,clear sky
2025-12-12T10:25:34.305Z,Dublin,4.7,mist
2025-12-12T10:25:34.307Z,Dublin,6.2,clear sky
2025-12-12T12:48:07.330Z,Dublin,4.55,fog
2025-12-12T12:48:07.332Z,Dublin,4.55,fog
2025-12-12T14:20:49.390Z,Dublin,4.77,mist
2025-12-12T14:20:49.392Z,Dublin,4.74,mist
2025-12-12T16:28:10.500Z,Dublin,4.52,mist
2025-12-12T16:28:10.507Z,Dublin,4.55,mist
2025-12-12T18:34:22.379Z,Dublin,9.36,clear sky
2025-12-12T18:34:22.385Z,Dublin,9.37,clear sky
2025-12-12T20:25:34.354Z,Dublin,13.44,clear sky
2025-12-12T20:25:34.356Z,Dublin,13.44,clear sky
2025-12-12T22:21:44.797Z,Dublin,15.97,clear sky
2025-12-12T22:21:44.798Z,Dublin,15.97,clear sky
2025-12-13T01:42:51.020Z,Dublin,9.77,clear sky
2025-12-13T01:42:51.031Z,Dublin,9.77,clear sky
2025-12-13T03:16:48.742Z,Dublin,9.73,clear sky
2025-12-13T03:16:48.744Z,Dublin,9.74,clear sky
2025-12-13T04:27:45.280Z,Dublin,10.43,clear sky
2025-12-13T04:27:45.289Z,Dublin,10.43,clear sky
2025-12-13T06:32:36.774Z,Dublin,8.4,clear sky
2025-12-13T06:32:36.776Z,Dublin,8.37,clear sky
2025-12-13T08:27:06.026Z,Dublin,8.14,clear sky
2025-12-13T08:27:06.028Z,Dublin,8.14,clear sky
2025-12-13T10:21:13.512Z,Dublin,7.18,clear sky
2025-12-13T10:21:13.514Z,Dublin,7.18,clear sky
2025-12-13T12:41:32.118Z,Dublin,6.76,clear sky
2025-12-13T12:41:32.120Z,Dublin,6.76,clear sky
2025-12-13T14:19:34.853Z,Dublin,4.85,clear sky
2025-12-13T14:19:34.855Z,Dublin,2.55,mist
2025-12-13T16:26:24.057Z,Dublin,4.19,clear sky
2025-12-13T16:26:24.059Z,Dublin,4.19,clear sky
2025-12-13T18:28:47.566Z,Dublin,7.33,clear sky
2025-12-13T18:28:47.568Z,Dublin,7.33,clear sky
2025-12-13T20:23:16.340Z,Dublin,9.98,clear sky
2025-12-13T20:23:16.342Z,Dublin,9.98,clear sky
2025-12-13T22:19:55.772Z,Dublin,15.88,clear sky
2025-12-13T22:19:55.774Z,Dublin,15.86,clear sky
2025-12-14T01:54:49.547Z,Dublin,9.44,clear sky
2025-12-14T01:54:49.549Z,Dublin,9.44,clear sky
2025-12-14T03:39:30.788Z,Dublin,8.36,clear sky
2025-12-14T03:39:30.790Z,Dublin,8.36,clear sky
2025-12-14T04:37:36.595Z,Dublin,8.37,clear sky
2025-12-14T04:37:36.597Z,Dublin,8.37,clear sky
2025-12-14T06:32:33.350Z,Dublin,7.53,scattered clouds
2025-12-14T06:32:33.352Z,Dublin,7.53,scattered clouds
2025-12-14T08:28:08.210Z,Dublin,6.81,overcast clouds
2025-12-14T08:28:08.212Z,Dublin,6.81,overcast clouds
2025-12-14T10:21:48.159Z,Dublin,6.81,overcast clouds
2025-12-14T10:21:48.161Z,Dublin,6.81,overcast clouds
2025-12-14T12:41:56.328Z,Dublin,5.85,overcast clouds
2025-12-14T12:41:56.330Z,Dublin,5.85,overcast clouds
2025-12-14T14:19:30.302Z,Dublin,6.19,overcast clouds
2025-12-14T14:19:30.304Z,Dublin,6.19,overcast clouds
2025-12-14T16:26:07.233Z,Dublin,6.66,mist
2025-12-14T16:26:07.238Z,Dublin,6.66,mist
2025-12-14T18:30:36.052Z,Dublin,7.9,mist
2025-12-14T18:30:36.054Z,Dublin,7.58,mist
2025-12-14T20:23:29.091Z,Dublin,8.45,scattered clouds
2025-12-14T20:23:29.092Z,Dublin,8.45,scattered clouds
2025-12-14T22:19:48.995Z,Dublin,13.44,few clouds
2025-12-14T22:19:48.998Z,Dublin,13.44,few clouds
2025-12-15T01:52:16.184Z,Dublin,8.01,haze
2025-12-15T01:52:16.187Z,Dublin,8.01,haze
2025-12-15T03:43:14.853Z,Dublin,6.57,mist
2025-12-15T03:43:14.855Z,Dublin,6.57,mist
2025-12-15T04:42:01.039Z,Dublin,6.34,mist
2025-12-15T04:42:01.041Z,Dublin,6.34,mist
2025-12-15T06:38:15.220Z,Dublin,6.17,mist
2025-12-15T06:38:15.222Z,Dublin,6.17,mist
2025-12-15T08:34:46.562Z,Dublin,4.58,broken clouds
2025-12-15T08:34:46.564Z,Dublin,4.58,broken clouds
2025-12-15T10:28:58.300Z,Dublin,3.66,fog
2025-12-15T10:28:58.301Z,Dublin,3.66,fog
2025-12-15T12:51:23.427Z,Dublin,5.65,overcast clouds
2025-12-15T12:51:23.429Z,Dublin,5.65,overcast clouds
2025-12-15T14:27:07.247Z,Dublin,5.51,overcast clouds
2025-12-15T14:27:07.249Z,Dublin,5.51,overcast clouds
2025-12-15T16:34:03.709Z,Dublin,5.34,broken clouds
2025-12-15T16:34:03.712Z,Dublin,5.34,broken clouds
2025-12-15T18:34:55.882Z,Dublin,6.43,scattered clouds
2025-12-15T18:34:55.884Z,Dublin,6.43,scattered clouds
2025-12-15T20:26:42.493Z,Dublin,12.85,overcast clouds
2025-12-15T20:26:42.496Z,Dublin,12.85,overcast clouds
2025-12-15T22:22:19.863Z,Dublin,13.9,clear sky
2025-12-15T22:22:19.865Z,Dublin,13.77,clear sky
2025-12-16T01:49:22.824Z,Dublin,9.54,clear sky
2025-12-16T01:49:22.826Z,Dublin,9.65,clear sky
2025-12-16T03:25:51.242Z,Dublin,8.79,mist
2025-12-16T03:25:51.244Z,Dublin,8.79,mist
2025-12-16T04:36:35.750Z,Dublin,9.41,clear sky
2025-12-16T04:36:35.752Z,Dublin,9.41,clear sky
2025-12-16T06:36:22.602Z,Dublin,7.43,clear sky
2025-12-16T06:36:22.605Z,Dublin,7.43,clear sky
2025-12-16T08:33:02.339Z,Dublin,8.98,clear sky
2025-12-16T08:33:02.342Z,Dublin,8.98,clear sky
2025-12-16T10:27:28.545Z,Dublin,9.05,clear sky
2025-12-16T10:27:28.547Z,Dublin,9.05,clear sky
2025-12-16T12:49:35.357Z,Dublin,8.8,clear sky
2025-12-16T12:49:35.359Z,Dublin,8.8,clear sky
2025-12-16T14:26:10.957Z,Dublin,7.21,scattered clouds
2025-12-16T14:26:10.959Z,Dublin,9.46,scattered clouds
2025-12-16T16:31:36.747Z,Dublin,6.41,mist
2025-12-16T16:31:36.749Z,Dublin,7.38,mist
2025-12-16T18:34:46.175Z,Dublin,11.46,clear sky
2025-12-16T18:34:46.177Z,Dublin,11.46,clear sky
2025-12-16T20:26:55.818Z,Dublin,13.85,clear sky
2025-12-16T20:26:55.820Z,Dublin,14.74,clear sky
2025-12-16T22:20:37.958Z,Dublin,16.27,clear sky
2025-12-16T22:20:37.960Z,Dublin,16.27,clear sky
2025-12-17T01:45:04.792Z,Dublin,11.78,clear sky
2025-12-17T01:45:04.794Z,Dublin,11.83,clear sky
2025-12-17T03:21:27.241Z,Dublin,10.69,broken clouds
2025-12-17T03:21:27.242Z,Dublin,10.69,broken clouds
2025-12-17T04:34:36.301Z,Dublin,11.49,scattered clouds
2025-12-17T04:34:36.304Z,Dublin,11.49,scattered clouds
2025-12-17T06:36:19.172Z,Dublin,11.49,clear sky
2025-12-17T06:36:19.174Z,Dublin,11.49,clear sky
2025-12-17T08:32:48.658Z,Dublin,13,overcast clouds
2025-12-17T08:32:48.660Z,Dublin,13,overcast clouds
2025-12-17T10:26:47.511Z,Dublin,12.27,overcast clouds
2025-12-17T10:26:47.513Z,Dublin,12.27,overcast clouds
2025-12-17T12:49:36.855Z,Dublin,12.93,overcast clouds
2025-12-17T12:49:36.857Z,Dublin,12.93,overcast clouds
2025-12-17T14:24:38.694Z,Dublin,13.28,overcast clouds
2025-12-17T14:24:38.696Z,Dublin,13.28,overcast clouds
2025-12-17T16:31:31.626Z,Dublin,13.66,light rain
2025-12-17T16:31:31.628Z,Dublin,13.66,light rain
2025-12-17T18:35:11.004Z,Dublin,14.77,mist
2025-12-17T18:35:11.006Z,Dublin,14.77,mist
2025-12-17T20:27:09.352Z,Dublin,16.84,mist
2025-12-17T20:27:09.354Z,Dublin,16.84,mist
2025-12-17T22:21:54.576Z,Dublin,17.96,broken clouds
2025-12-17T22:21:54.578Z,Dublin,17.96,broken clouds
2025-12-18T01:45:26.090Z,Dublin,13.92,scattered clouds
2025-12-18T01:45:26.093Z,Dublin,13.92,scattered clouds
2025-12-18T03:22:12.646Z,Dublin,12.03,clear sky
2025-12-18T03:22:12.648Z,Dublin,12.03,clear sky
2025-12-18T04:35:32.578Z,Dublin,11.53,fog
2025-12-18T04:35:32.580Z,Dublin,11.53,fog
2025-12-18T06:36:16.993Z,Dublin,11.7,fog
2025-12-18T06:36:16.995Z,Dublin,11.7,fog
2025-12-18T08:32:05.852Z,Dublin,11.24,fog
2025-12-18T08:32:05.900Z,Dublin,11.25,fog
2025-12-18T10:25:49.998Z,Dublin,10.77,mist
2025-12-18T10:25:50.000Z,Dublin,10.77,mist
2025-12-18T12:47:22.983Z,Dublin,10.8,mist
2025-12-18T12:47:22.986Z,Dublin,10.8,mist
2025-12-18T14:25:11.471Z,Dublin,10.62,mist
2025-12-18T14:25:11.478Z,Dublin,10.76,mist
2025-12-18T16:32:36.044Z,Dublin,10.69,mist
2025-12-18T16:32:36.046Z,Dublin,10.65,mist
2025-12-18T18:34:36.432Z,Dublin,12.33,scattered clouds
2025-12-18T18:34:36.433Z,Dublin,12.33,scattered clouds
2025-12-18T20:22:53.337Z,Dublin,13.95,clear sky
2025-12-18T20:22:53.339Z,Dublin,14.11,clear sky
2025-12-18T22:21:35.164Z,Dublin,16.42,clear sky
2025-12-18T22:21:35.166Z,Dublin,16.42,clear sky
2025-12-19T01:48:35.552Z,Dublin,11.92,clear sky
2025-12-19T01:48:35.554Z,Dublin,11.92,clear sky
2025-12-19T03:25:26.439Z,Dublin,10.59,mist
2025-12-19T03:25:26.442Z,Dublin,10.59,mist
2025-12-19T04:35:15.076Z,Dublin,10.71,mist
2025-12-19T04:35:15.078Z,Dublin,10.71,mist
2025-12-19T06:34:32.534Z,Dublin,11.44,mist
2025-12-19T06:34:32.536Z,Dublin,11.44,mist
2025-12-19T08:31:42.569Z,Dublin,11.22,mist
2025-12-19T08:31:42.571Z,Dublin,11.15,mist
2025-12-19T10:24:52.513Z,Dublin,11.24,mist
2025-12-19T10:24:52.515Z,Dublin,11.24,mist
2025-12-19T12:44:50.001Z,Dublin,11.26,mist
2025-12-19T12:44:50.004Z,Dublin,11.26,mist
2025-12-19T14:23:14.508Z,Dublin,11.5,mist
2025-12-19T14:23:14.510Z,Dublin,11.5,mist
2025-12-19T16:28:35.869Z,Dublin,11.66,mist
2025-12-19T16:28:35.874Z,Dublin,11.66,mist
2025-12-19T18:32:33.926Z,Dublin,14.34,clear sky
2025-12-19T18:32:33.928Z,Dublin,14.34,clear sky
2025-12-19T20:25:11.730Z,Dublin,17.31,clear sky
2025-12-19T20:25:11.731Z,Dublin,17.31,clear sky
2025-12-19T22:21:45.215Z,Dublin,16.96,broken clouds
2025-12-19T22:21:45.217Z,Dublin,16.96,broken clouds
2025-12-20T01:43:02.500Z,Dublin,14.4,overcast clouds
2025-12-20T01:43:02.505Z,Dublin,14.4,overcast clouds
2025-12-20T03:16:44.200Z,Dublin,14.43,overcast clouds
2025-12-20T03:16:44.202Z,Dublin,14.43,overcast clouds
2025-12-20T04:27:48.457Z,Dublin,14.07,light rain
2025-12-20T04:27:48.459Z,Dublin,14.07,light rain
2025-12-20T06:32:56.305Z,Dublin,13.97,overcast clouds
2025-12-20T06:32:56.307Z,Dublin,14,overcast clouds
2025-12-20T08:28:08.928Z,Dublin,14.1,overcast clouds
2025-12-20T08:28:08.930Z,Dublin,14.1,overcast clouds
2025-12-20T10:21:34.086Z,Dublin,14.04,light rain
2025-12-20T10:21:34.088Z,Dublin,14.04,light rain
2025-12-20T12:41:33.943Z,Dublin,14.16,overcast clouds
2025-12-20T12:41:33.944Z,Dublin,14.16,overcast clouds
2025-12-20T14:19:26.484Z,Dublin,14.08,overcast clouds
2025-12-20T14:19:26.486Z,Dublin,14.08,overcast clouds
2025-12-20T16:25:50.082Z,Dublin,14,scattered clouds
2025-12-20T16:25:50.083Z,Dublin,13.99,scattered clouds
2025-12-20T18:28:34.470Z,Dublin,14.92,overcast clouds
2025-12-20T18:28:34.472Z,Dublin,14.99,overcast clouds
2025-12-20T20:22:31.993Z,Dublin,15.84,light rain
2025-12-20T20:22:31.995Z,Dublin,15.84,light rain
2025-12-20T22:19:51.497Z,Dublin,16.05,light rain
2025-12-20T22:19:51.499Z,Dublin,16.17,light rain
2025-12-21T01:54:31.327Z,Dublin,15.65,mist
2025-12-21T01:54:31.329Z,Dublin,15.65,mist
2025-12-21T03:40:16.935Z,Dublin,15.34,mist
2025-12-21T03:40:16.937Z,Dublin,15.34,mist
2025-12-21T04:38:12.394Z,Dublin,15.25,mist
2025-12-21T04:38:12.396Z,Dublin,15.25,mist
2025-12-21T06:32:54.274Z,Dublin,15.04,mist
2025-12-21T06:32:54.276Z,Dublin,15.04,mist
2025-12-21T10:22:03.908Z,Dublin,15.67,mist
2025-12-21T10:22:03.910Z,Dublin,15.67,mist
2025-12-21T12:41:42.156Z,Dublin,15.47,overcast clouds
2025-12-21T12:41:42.157Z,Dublin,15.47,overcast clouds
2025-12-21T14:19:39.598Z,Dublin,15.36,overcast clouds
2025-12-21T14:19:39.607Z,Dublin,15.36,overcast clouds
2025-12-21T16:25:44.250Z,Dublin,15.28,overcast clouds
2025-12-21T16:25:44.251Z,Dublin,15.28,overcast clouds
2025-12-21T18:30:27.741Z,Dublin,16.04,overcast clouds
2025-12-21T18:30:27.743Z,Dublin,16.06,overcast clouds
2025-12-21T20:23:39.713Z,Dublin,16.55,overcast clouds
2025-12-21T20:23:39.715Z,Dublin,16.54,overcast clouds
2025-12-21T22:20:57.400Z,Dublin,16.53,overcast clouds
2025-12-21T22:20:57.402Z,Dublin,16.53,overcast clouds
2025-12-22T01:54:08.618Z,Dublin,15.54,overcast clouds
2025-12-22T01:54:08.621Z,Dublin,15.59,overcast clouds
2025-12-22T03:44:27.806Z,Dublin,15.29,few clouds
2025-12-22T03:44:27.809Z,Dublin,15.29,few clouds
2025-12-22T04:41:44.439Z,Dublin,15.36,broken clouds
2025-12-22T04:41:44.441Z,Dublin,15.36,broken clouds
2025-12-22T06:37:49.198Z,Dublin,14.93,overcast clouds
2025-12-22T06:37:49.200Z,Dublin,14.93,overcast clouds
2025-12-22T08:33:16.280Z,Dublin,15.25,overcast clouds
2025-12-22T08:33:16.281Z,Dublin,15.15,overcast clouds
2025-12-22T10:24:53.517Z,Dublin,15.67,overcast clouds
2025-12-22T10:24:53.519Z,Dublin,15.67,overcast clouds
2025-12-22T12:47:03.645Z,Dublin,15.18,overcast clouds
2025-12-22T12:47:03.649Z,Dublin,15.13,overcast clouds
2025-12-22T14:23:06.819Z,Dublin,14.81,overcast clouds
2025-12-22T14:23:06.821Z,Dublin,14.81,overcast clouds
2025-12-22T16:28:45.584Z,Dublin,14.47,moderate rain
2025-12-22T16:28:45.586Z,Dublin,14.47,moderate rain
2025-12-22T18:33:39.081Z,Dublin,14.7,mist
2025-12-22T18:33:39.087Z,Dublin,14.7,mist
2025-12-22T20:25:09.648Z,Dublin,17.23,clear sky
2025-12-22T20:25:09.652Z,Dublin,17.23,clear sky
2025-12-22T22:22:04.237Z,Dublin,17.75,broken clouds
2025-12-22T22:22:04.239Z,Dublin,17.75,broken clouds
2025-12-23T01:49:40.354Z,Dublin,15.41,clear sky
2025-12-23T01:49:40.356Z,Dublin,15.41,clear sky
2025-12-23T03:28:10.710Z,Dublin,14.31,clear sky
2025-12-23T03:28:10.712Z,Dublin,14.31,clear sky
2025-12-23T04:38:43.019Z,Dublin,14.23,broken clouds
2025-12-23T04:38:43.021Z,Dublin,14.23,broken clouds
2025-12-23T06:36:30.373Z,Dublin,14.07,mist
2025-12-23T06:36:30.375Z,Dublin,14.07,mist
2025-12-23T08:32:23.708Z,Dublin,13.58,mist
2025-12-23T08:32:23.711Z,Dublin,13.55,mist
2025-12-23T10:26:22.415Z,Dublin,13.14,mist
2025-12-23T10:26:22.417Z,Dublin,13.14,mist
2025-12-23T12:48:35.892Z,Dublin,12.44,mist
2025-12-23T12:48:35.909Z,Dublin,12.44,mist
2025-12-23T14:23:06.704Z,Dublin,12.28,mist
2025-12-23T14:23:06.706Z,Dublin,12.28,mist
2025-12-23T16:29:55.250Z,Dublin,12.15,mist
2025-12-23T16:29:55.270Z,Dublin,12.15,mist
2025-12-23T18:33:49.514Z,Dublin,13.65,broken clouds
2025-12-23T18:33:49.516Z,Dublin,13.65,broken clouds
2025-12-23T20:24:56.793Z,Dublin,16.72,few clouds
2025-12-23T20:24:56.795Z,Dublin,16.71,few clouds
2025-12-23T22:21:12.649Z,Dublin,16.97,overcast clouds
2025-12-23T22:21:12.652Z,Dublin,17.01,overcast clouds
2025-12-24T01:47:51.032Z,Dublin,15.98,light rain
2025-12-24T01:47:51.034Z,Dublin,15.98,light rain
2025-12-24T03:25:22.398Z,Dublin,14.98,overcast clouds
2025-12-24T03:25:22.400Z,Dublin,14.98,overcast clouds
2025-12-24T04:36:52.004Z,Dublin,15.39,overcast clouds
2025-12-24T04:36:52.028Z,Dublin,15.39,overcast clouds
2025-12-24T06:36:31.330Z,Dublin,17.26,light rain
2025-12-24T06:36:31.332Z,Dublin,17.26,light rain
2025-12-24T08:31:59.242Z,Dublin,17.4,overcast clouds
2025-12-24T08:31:59.245Z,Dublin,17.26,overcast clouds
2025-12-24T10:24:06.567Z,Dublin,15.77,heavy intensity rain
2025-12-24T10:24:06.569Z,Dublin,15.77,heavy intensity rain
2025-12-24T12:46:32.997Z,Dublin,12.81,light rain
2025-12-24T12:46:33.006Z,Dublin,12.81,light rain
2025-12-24T14:21:40.088Z,Dublin,12.63,overcast clouds
2025-12-24T14:21:40.091Z,Dublin,12.63,overcast clouds
2025-12-24T16:28:06.052Z,Dublin,11.84,light rain
2025-12-24T16:28:06.054Z,Dublin,11.84,moderate rain
2025-12-24T18:32:45.445Z,Dublin,12.92,light rain
2025-12-24T18:32:45.447Z,Dublin,12.83,scattered clouds
2025-12-24T20:24:31.220Z,Dublin,15.03,few clouds
2025-12-24T20:24:31.222Z,Dublin,15.02,few clouds
2025-12-24T22:21:34.405Z,Dublin,16.96,few clouds
2025-12-24T22:21:34.407Z,Dublin,17.1,few clouds
2025-12-25T01:49:46.446Z,Dublin,14.45,moderate rain
2025-12-25T01:49:46.455Z,Dublin,14.45,moderate rain
2025-12-25T03:28:07.096Z,Dublin,14.12,light rain
2025-12-25T03:28:07.098Z,Dublin,14.12,light rain
2025-12-25T04:38:42.697Z,Dublin,13.1,moderate rain
2025-12-25T04:38:42.699Z,Dublin,13.1,moderate rain
2025-12-25T06:36:02.111Z,Dublin,12.39,overcast clouds
2025-12-25T06:36:02.113Z,Dublin,12.39,overcast clouds
2025-12-25T08:30:49.609Z,Dublin,13.63,overcast clouds
2025-12-25T08:30:49.611Z,Dublin,13.63,overcast clouds
2025-12-25T10:24:17.053Z,Dublin,12.51,light rain
2025-12-25T10:24:17.055Z,Dublin,12.51,light rain
2025-12-25T12:45:05.255Z,Dublin,11.39,overcast clouds
2025-12-25T12:45:05.257Z,Dublin,11.39,overcast clouds
2025-12-25T14:21:10.606Z,Dublin,11.55,overcast clouds
2025-12-25T14:21:10.608Z,Dublin,11.55,overcast clouds
2025-12-25T16:28:17.174Z,Dublin,11.56,few clouds
2025-12-25T16:28:17.188Z,Dublin,11.61,few clouds
2025-12-25T18:32:12.639Z,Dublin,14.01,clear sky
2025-12-25T18:32:12.641Z,Dublin,14,clear sky
2025-12-25T20:25:33.805Z,Dublin,14.35,broken clouds
2025-12-25T20:25:33.807Z,Dublin,14.59,broken clouds
2025-12-25T22:21:19.439Z,Dublin,13.93,broken clouds
2025-12-25T22:21:19.441Z,Dublin,13.93,broken clouds
2025-12-26T01:49:10.310Z,Dublin,11.7,moderate rain
2025-12-26T01:49:10.312Z,Dublin,11.7,moderate rain
2025-12-26T03:26:20.591Z,Dublin,11.29,mist
2025-12-26T03:26:20.595Z,Dublin,11.44,overcast clouds
2025-12-26T04:35:50.915Z,Dublin,11.13,moderate rain
2025-12-26T04:35:50.917Z,Dublin,11.13,overcast clouds
2025-12-26T06:35:21.325Z,Dublin,11.3,overcast clouds
2025-12-26T06:35:21.327Z,Dublin,11.32,overcast clouds
2025-12-26T08:30:40.682Z,Dublin,10.78,mist
2025-12-26T08:30:40.684Z,Dublin,10.78,mist
2025-12-26T10:24:15.466Z,Dublin,10.35,few clouds
2025-12-26T10:24:15.468Z,Dublin,10.35,few clouds
2025-12-26T12:45:19.782Z,Dublin,10.21,scattered clouds
2025-12-26T12:45:19.785Z,Dublin,10.21,scattered clouds
2025-12-26T14:22:04.328Z,Dublin,10.22,few clouds
2025-12-26T14:22:04.331Z,Dublin,10.29,few clouds
2025-12-26T16:27:06.835Z,Dublin,10.37,clear sky
2025-12-26T16:27:06.837Z,Dublin,10.37,clear sky
2025-12-26T18:32:14.431Z,Dublin,13.16,scattered clouds
2025-12-26T18:32:14.433Z,Dublin,13.16,scattered clouds
2025-12-26T20:24:06.427Z,Dublin,14.6,scattered clouds
2025-12-26T20:24:06.429Z,Dublin,14.6,scattered clouds
2025-12-26T22:21:30.617Z,Dublin,13.98,light rain
2025-12-26T22:21:30.619Z,Dublin,13.98,light rain
2025-12-27T01:46:59.670Z,Dublin,11.4,overcast clouds
2025-12-27T01:46:59.672Z,Dublin,11.4,light rain
2025-12-27T03:24:36.518Z,Dublin,9.76,overcast clouds
2025-12-27T03:24:36.523Z,Dublin,9.75,overcast clouds
2025-12-27T04:34:02.908Z,Dublin,8.93,clear sky
2025-12-27T04:34:02.910Z,Dublin,8.93,clear sky
2025-12-27T06:33:38.984Z,Dublin,8.19,broken clouds
2025-12-27T06:33:39.015Z,Dublin,8,broken clouds
2025-12-27T08:29:14.739Z,Dublin,7.67,clear sky
2025-12-27T08:29:14.743Z,Dublin,7.67,clear sky
2025-12-27T10:22:16.230Z,Dublin,7.83,overcast clouds
2025-12-27T10:22:16.233Z,Dublin,7.83,overcast clouds
2025-12-27T12:42:45.386Z,Dublin,8.16,overcast clouds
2025-12-27T12:42:45.388Z,Dublin,8.16,overcast clouds
2025-12-27T14:19:52.476Z,Dublin,7.9,overcast clouds
2025-12-27T14:19:52.478Z,Dublin,7.85,overcast clouds
2025-12-27T16:26:39.276Z,Dublin,8.09,broken clouds
2025-12-27T16:26:39.279Z,Dublin,8.16,broken clouds
2025-12-27T18:30:44.579Z,Dublin,10.05,scattered clouds
2025-12-27T18:30:44.580Z,Dublin,10.05,scattered clouds
2025-12-27T20:24:18.079Z,Dublin,11.71,overcast clouds
2025-12-27T20:24:18.081Z,Dublin,11.71,overcast clouds
2025-12-27T22:20:22.271Z,Dublin,12.11,broken clouds
2025-12-27T22:20:22.273Z,Dublin,12.11,broken clouds
2025-12-28T02:00:00.635Z,Dublin,8.75,scattered clouds
2025-12-28T02:00:00.637Z,Dublin,8.75,scattered clouds
2025-12-28T03:53:14.834Z,Dublin,7.11,few clouds
2025-12-28T03:53:14.838Z,Dublin,7.11,few clouds
2025-12-28T04:46:03.184Z,Dublin,6.39,clear sky
2025-12-28T04:46:03.186Z,Dublin,6.13,clear sky
2025-12-28T06:34:22.577Z,Dublin,5.68,clear sky
2025-12-28T06:34:22.579Z,Dublin,5.58,clear sky
2025-12-28T08:29:32.819Z,Dublin,5.95,clear sky
2025-12-28T08:29:32.821Z,Dublin,5.94,clear sky
2025-12-28T10:22:48.123Z,Dublin,6.37,clear sky
2025-12-28T10:22:48.129Z,Dublin,6.37,clear sky
2025-12-28T12:43:02.518Z,Dublin,5.73,clear sky
2025-12-28T12:43:02.520Z,Dublin,5.73,clear sky
2025-12-28T14:20:50.208Z,Dublin,5.66,clear sky
2025-12-28T14:20:50.210Z,Dublin,5.67,clear sky
2025-12-28T16:27:14.419Z,Dublin,4.97,clear sky
2025-12-28T16:27:14.421Z,Dublin,4.97,clear sky
2025-12-28T18:31:53.896Z,Dublin,9.35,clear sky
2025-12-28T18:31:53.898Z,Dublin,9.48,clear sky
2025-12-28T20:25:00.814Z,Dublin,12.91,clear sky
2025-12-28T20:25:00.815Z,Dublin,12.74,clear sky
2025-12-28T22:21:27.713Z,Dublin,13.73,clear sky
2025-12-28T22:21:27.715Z,Dublin,13.73,clear sky
2025-12-29T01:58:12.234Z,Dublin,9.15,clear sky
2025-12-29T01:58:12.236Z,Dublin,9.14,clear sky
2025-12-29T03:54:35.611Z,Dublin,7.33,clear sky
2025-12-29T03:54:35.613Z,Dublin,7.33,clear sky
2025-12-29T04:51:19.936Z,Dublin,6.61,clear sky
2025-12-29T04:51:19.938Z,Dublin,6.61,clear sky
2025-12-29T06:38:12.216Z,Dublin,6.19,clear sky
2025-12-29T06:38:12.218Z,Dublin,6.19,clear sky
2025-12-29T08:34:31.525Z,Dublin,6.28,clear sky
2025-12-29T08:34:31.527Z,Dublin,6.31,clear sky
2025-12-29T10:26:07.457Z,Dublin,5.59,clear sky
2025-12-29T10:26:07.460Z,Dublin,5.29,clear sky
2025-12-29T12:49:40.473Z,Dublin,5.06,clear sky
2025-12-29T12:49:40.485Z,Dublin,5.06,clear sky
2025-12-29T14:23:25.914Z,Dublin,6.23,clear sky
2025-12-29T14:23:25.916Z,Dublin,6.23,clear sky
2025-12-29T16:28:30.511Z,Dublin,4.95,clear sky
2025-12-29T16:28:30.513Z,Dublin,4.95,clear sky
2025-12-29T18:33:23.845Z,Dublin,11.52,clear sky
2025-12-29T18:33:23.847Z,Dublin,11.52,clear sky
2025-12-29T20:26:35.074Z,Dublin,14.77,clear sky
2025-12-29T20:26:35.076Z,Dublin,14.77,clear sky
2025-12-29T22:21:25.858Z,Dublin,15.57,clear sky
2025-12-29T22:21:25.874Z,Dublin,15.57,clear sky
2025-12-30T01:50:13.655Z,Dublin,11.2,clear sky
2025-12-30T01:50:13.658Z,Dublin,11.15,clear sky
2025-12-30T03:39:05.762Z,Dublin,7.63,clear sky
2025-12-30T03:39:05.763Z,Dublin,7.63,clear sky
2025-12-30T04:40:22.576Z,Dublin,7.05,clear sky
2025-12-30T04:40:22.578Z,Dublin,7.05,clear sky
2025-12-30T06:36:06.637Z,Dublin,6.64,clear sky
2025-12-30T06:36:06.649Z,Dublin,6.64,clear sky
2025-12-30T08:31:49.391Z,Dublin,5.73,clear sky
2025-12-30T08:31:49.393Z,Dublin,5.73,clear sky
2025-12-30T10:26:20.844Z,Dublin,4.72,clear sky
2025-12-30T10:26:20.846Z,Dublin,4.72,clear sky
2025-12-30T12:48:23.847Z,Dublin,3.89,clear sky
2025-12-30T12:48:23.848Z,Dublin,3.87,clear sky
2025-12-30T14:23:10.604Z,Dublin,3.29,clear sky
2025-12-30T14:23:10.607Z,Dublin,3.29,clear sky
2025-12-30T16:30:00.191Z,Dublin,3.92,clear sky
2025-12-30T16:30:00.193Z,Dublin,3.92,clear sky
2025-12-30T18:34:30.878Z,Dublin,7.6,clear sky
2025-12-30T18:34:30.880Z,Dublin,7.6,clear sky
2025-12-30T20:25:33.535Z,Dublin,9.5,clear sky
2025-12-30T20:25:33.539Z,Dublin,9.5,clear sky
2025-12-30T22:21:13.136Z,Dublin,9.53,clear sky
2025-12-30T22:21:13.138Z,Dublin,9.43,clear sky
2025-12-31T01:50:36.304Z,Dublin,7.59,mist
2025-12-31T01:50:36.308Z,Dublin,7.5,mist
2025-12-31T03:37:46.574Z,Dublin,7.09,mist
2025-12-31T03:37:46.576Z,Dublin,7.09,mist
2025-12-31T04:39:28.326Z,Dublin,7.18,mist
2025-12-31T04:39:28.329Z,Dublin,7.07,mist
2025-12-31T06:36:30.069Z,Dublin,7.17,clear sky
2025-12-31T06:36:30.071Z,Dublin,7.04,clear sky
2025-12-31T08:31:46.006Z,Dublin,6.25,clear sky
2025-12-31T08:31:46.008Z,Dublin,6.41,clear sky
2025-12-31T10:24:04.839Z,Dublin,6.94,clear sky
2025-12-31T10:24:04.842Z,Dublin,6.94,clear sky
2025-12-31T12:46:56.430Z,Dublin,8.05,overcast clouds
2025-12-31T12:46:56.437Z,Dublin,8.26,overcast clouds
2025-12-31T14:21:41.274Z,Dublin,7.7,broken clouds
2025-12-31T14:21:41.276Z,Dublin,7.7,broken clouds
2025-12-31T16:28:33.154Z,Dublin,8.05,overcast clouds
2025-12-31T16:28:33.156Z,Dublin,8.05,overcast clouds
2025-12-31T18:32:03.772Z,Dublin,9.14,light rain
2025-12-31T18:32:03.774Z,Dublin,9.14,mist
2025-12-31T20:24:56.936Z,Dublin,9.73,light rain
2025-12-31T20:24:56.938Z,Dublin,9.71,light rain
2025-12-31T22:22:29.829Z,Dublin,9.56,light rain
2025-12-31T22:22:29.846Z,Dublin,9.56,light rain
2026-01-01T02:00:47.392Z,Dublin,9.55,moderate rain
2026-01-01T02:00:47.402Z,Dublin,9.51,mist
2026-01-01T04:49:54.745Z,Dublin,9.19,mist
2026-01-01T04:49:54.762Z,Dublin,9.19,moderate rain
2026-01-01T06:36:22.628Z,Dublin,9.1,overcast clouds
2026-01-01T06:36:22.630Z,Dublin,9.1,overcast clouds
2026-01-01T08:32:03.981Z,Dublin,9.11,light rain
2026-01-01T08:32:03.987Z,Dublin,9.17,light rain
2026-01-01T10:25:14.965Z,Dublin,9.14,overcast clouds
2026-01-01T10:25:14.971Z,Dublin,9.14,light rain
2026-01-01T12:47:11.785Z,Dublin,9.33,moderate rain
2026-01-01T12:47:11.787Z,Dublin,9.33,moderate rain
2026-01-01T14:21:26.309Z,Dublin,9.41,light rain
2026-01-01T14:21:26.313Z,Dublin,9.41,moderate rain
2026-01-01T16:29:24.911Z,Dublin,9.5,light rain
2026-01-01T16:29:24.913Z,Dublin,9.5,light rain
2026-01-01T18:33:23.816Z,Dublin,11.06,light rain
2026-01-01T18:33:23.818Z,Dublin,10.57,light rain
2026-01-01T20:26:31.266Z,Dublin,13.53,mist
2026-01-01T20:26:31.272Z,Dublin,13.53,mist
2026-01-01T22:22:03.734Z,Dublin,14.75,broken clouds
2026-01-01T22:22:03.735Z,Dublin,14.75,broken clouds
2026-01-02T01:52:07.995Z,Dublin,14.07,overcast clouds
2026-01-02T01:52:07.997Z,Dublin,13.93,overcast clouds
2026-01-02T03:41:53.660Z,Dublin,13.56,overcast clouds
2026-01-02T03:41:53.662Z,Dublin,13.56,overcast clouds
2026-01-02T04:42:35.849Z,Dublin,13.55,overcast clouds
2026-01-02T04:42:35.851Z,Dublin,13.55,overcast clouds
2026-01-02T06:36:41.089Z,Dublin,13.22,overcast clouds
2026-01-02T06:36:41.091Z,Dublin,13.22,overcast clouds
2026-01-02T08:31:26.128Z,Dublin,12.94,scattered clouds
2026-01-02T08:31:26.130Z,Dublin,12.94,scattered clouds
2026-01-02T10:23:51.986Z,Dublin,12.64,overcast clouds
2026-01-02T10:23:51.988Z,Dublin,12.64,overcast clouds
2026-01-02T12:45:18.663Z,Dublin,11.75,overcast clouds
2026-01-02T12:45:18.665Z,Dublin,11.75,overcast clouds
2026-01-02T14:22:57.001Z,Dublin,10.63,broken clouds
2026-01-02T14:22:57.003Z,Dublin,10.62,broken clouds
2026-01-02T16:28:18.133Z,Dublin,10.33,few clouds
2026-01-02T16:28:18.135Z,Dublin,10.33,few clouds
2026-01-02T18:33:00.853Z,Dublin,13.21,scattered clouds
2026-01-02T18:33:00.855Z,Dublin,13.21,scattered clouds
2026-01-02T20:24:37.451Z,Dublin,15.4,few clouds
2026-01-02T20:24:37.453Z,Dublin,15.4,few clouds
2026-01-02T22:22:42.802Z,Dublin,15.81,overcast clouds
2026-01-02T22:22:42.806Z,Dublin,15.81,overcast clouds
2026-01-03T01:46:02.239Z,Dublin,15.36,overcast clouds
2026-01-03T01:46:02.241Z,Dublin,15.36,overcast clouds
2026-01-03T03:23:42.751Z,Dublin,14.5,overcast clouds
2026-01-03T03:23:42.753Z,Dublin,14.5,overcast clouds
2026-01-03T04:33:52.698Z,Dublin,14.47,overcast clouds
2026-01-03T04:33:52.712Z,Dublin,14.47,overcast clouds
2026-01-03T06:33:40.372Z,Dublin,13.51,overcast clouds
2026-01-03T06:33:40.374Z,Dublin,13.51,overcast clouds
2026-01-03T08:29:22.076Z,Dublin,13.4,broken clouds
2026-01-03T08:29:22.078Z,Dublin,13.4,broken clouds
2026-01-03T10:22:43.310Z,Dublin,13.47,clear sky
2026-01-03T10:22:43.313Z,Dublin,13.47,clear sky
2026-01-03T12:42:45.757Z,Dublin,12.7,overcast clouds
2026-01-03T12:42:45.760Z,Dublin,12.7,overcast clouds
2026-01-03T14:20:05.641Z,Dublin,12.69,overcast clouds
2026-01-03T14:20:05.643Z,Dublin,12.69,overcast clouds
2026-01-03T16:27:29.574Z,Dublin,12.95,mist
2026-01-03T16:27:29.576Z,Dublin,12.95,mist
2026-01-03T18:31:16.101Z,Dublin,14.53,scattered clouds
2026-01-03T18:31:16.103Z,Dublin,14.53,scattered clouds
2026-01-03T20:24:17.183Z,Dublin,15.49,light rain
2026-01-03T20:24:17.185Z,Dublin,15.49,light rain
2026-01-03T22:21:08.154Z,Dublin,16.65,clear sky
2026-01-03T22:21:08.156Z,Dublin,16.7,clear sky
2026-01-04T02:01:40.591Z,Dublin,13.5,clear sky
2026-01-04T02:01:40.593Z,Dublin,13.46,broken clouds
2026-01-04T04:50:39.406Z,Dublin,13.14,overcast clouds
2026-01-04T04:50:39.408Z,Dublin,13.14,overcast clouds
2026-01-04T06:34:41.211Z,Dublin,12.84,scattered clouds
2026-01-04T06:34:41.213Z,Dublin,12.84,scattered clouds
2026-01-04T08:30:09.699Z,Dublin,13.02,broken clouds
2026-01-04T08:30:09.701Z,Dublin,13.02,broken clouds
2026-01-04T10:22:15.276Z,Dublin,12.32,moderate rain
2026-01-04T10:22:15.278Z,Dublin,12.32,moderate rain
2026-01-04T12:43:29.913Z,Dublin,10.88,light rain
2026-01-04T12:43:29.920Z,Dublin,10.88,light rain
2026-01-04T14:19:57.973Z,Dublin,10.88,moderate rain
2026-01-04T14:19:57.975Z,Dublin,10.88,moderate rain
2026-01-04T16:27:14.595Z,Dublin,11.01,mist
2026-01-04T16:27:14.597Z,Dublin,11.01,mist
2026-01-04T18:31:30.595Z,Dublin,11.07,mist
2026-01-04T18:31:30.729Z,Dublin,11.07,heavy intensity rain
2026-01-04T20:25:27.339Z,Dublin,11.14,moderate rain
2026-01-04T20:25:27.341Z,Dublin,11.17,moderate rain
2026-01-04T22:21:30.946Z,Dublin,11.11,moderate rain
2026-01-04T22:21:30.948Z,Dublin,11.11,moderate rain
2026-01-05T02:01:45.566Z,Dublin,10.58,overcast clouds
2026-01-05T02:01:45.568Z,Dublin,10.41,overcast clouds
2026-01-05T04:58:10.691Z,Dublin,9.5,broken clouds
2026-01-05T04:58:10.693Z,Dublin,9.5,broken clouds
2026-01-05T06:41:28.616Z,Dublin,9.39,overcast clouds
2026-01-05T06:41:28.617Z,Dublin,9.39,overcast clouds
2026-01-05T08:36:33.187Z,Dublin,8.48,clear sky
2026-01-05T08:36:33.189Z,Dublin,8.48,clear sky
2026-01-05T10:27:36.534Z,Dublin,8.74,scattered clouds
2026-01-05T10:27:36.536Z,Dublin,8.74,scattered clouds
2026-01-05T12:51:31.830Z,Dublin,9.48,overcast clouds
2026-01-05T12:51:31.832Z,Dublin,9.48,overcast clouds
2026-01-05T14:26:44.874Z,Dublin,9.81,overcast clouds
2026-01-05T14:26:44.876Z,Dublin,9.85,overcast clouds
2026-01-05T16:29:35.889Z,Dublin,10.59,overcast clouds
2026-01-05T16:29:35.891Z,Dublin,10.59,overcast clouds
2026-01-05T18:35:31.175Z,Dublin,13.09,broken clouds
2026-01-05T18:35:31.177Z,Dublin,13.09,broken clouds
2026-01-05T20:27:45.876Z,Dublin,14.41,broken clouds
2026-01-05T20:27:45.878Z,Dublin,14.41,broken clouds
2026-01-05T22:22:55.510Z,Dublin,13.53,moderate rain
2026-01-05T22:22:55.513Z,Dublin,13.53,moderate rain
2026-01-06T01:52:03.408Z,Dublin,11.49,moderate rain
2026-01-06T01:52:03.410Z,Dublin,11.49,moderate rain
2026-01-06T03:40:16.970Z,Dublin,10.88,overcast clouds
2026-01-06T03:40:16.972Z,Dublin,10.88,overcast clouds
2026-01-06T04:41:05.819Z,Dublin,10.71,overcast clouds
2026-01-06T04:41:05.821Z,Dublin,10.71,overcast clouds
2026-01-06T06:37:34.196Z,Dublin,10.48,light rain
2026-01-06T06:37:34.198Z,Dublin,10.48,light rain
2026-01-06T08:34:33.153Z,Dublin,10.42,overcast clouds
2026-01-06T08:34:33.201Z,Dublin,10.45,overcast clouds
2026-01-06T10:26:09.124Z,Dublin,9.77,scattered clouds
2026-01-06T10:26:09.126Z,Dublin,9.77,light rain
2026-01-06T12:49:20.097Z,Dublin,9.99,overcast clouds
2026-01-06T12:49:20.099Z,Dublin,9.99,overcast clouds
2026-01-06T14:25:03.845Z,Dublin,9.5,overcast clouds
2026-01-06T14:25:03.847Z,Dublin,9.5,overcast clouds
2026-01-06T16:32:05.833Z,Dublin,9.87,mist
2026-01-06T16:32:05.835Z,Dublin,9.84,mist
2026-01-06T18:34:47.070Z,Dublin,11.87,broken clouds
2026-01-06T18:34:47.072Z,Dublin,11.87,broken clouds
2026-01-06T20:26:43.284Z,Dublin,13.95,broken clouds
2026-01-06T20:26:43.298Z,Dublin,13.95,broken clouds
2026-01-06T22:23:34.690Z,Dublin,15,few clouds
2026-01-06T22:23:34.692Z,Dublin,15.01,few clouds
2026-01-07T01:51:41.146Z,Dublin,12.42,broken clouds
2026-01-07T01:51:41.148Z,Dublin,12.19,broken clouds
2026-01-07T03:40:30.811Z,Dublin,10.46,clear sky
2026-01-07T03:40:30.813Z,Dublin,10.42,clear sky
2026-01-07T04:42:09.936Z,Dublin,9.61,clear sky
2026-01-07T04:42:09.938Z,Dublin,9.61,clear sky
2026-01-07T06:36:58.909Z,Dublin,8.45,clear sky
2026-01-07T06:36:58.912Z,Dublin,8.45,clear sky
2026-01-07T08:34:07.687Z,Dublin,8.29,clear sky
2026-01-07T08:34:07.689Z,Dublin,8.29,clear sky
2026-01-07T10:27:06.303Z,Dublin,7.88,overcast clouds
2026-01-07T10:27:06.304Z,Dublin,7.88,overcast clouds
2026-01-07T12:50:29.359Z,Dublin,8.06,overcast clouds
2026-01-07T12:50:29.360Z,Dublin,8.06,overcast clouds
2026-01-07T14:26:12.397Z,Dublin,8.49,mist
2026-01-07T14:26:12.399Z,Dublin,8.49,mist
2026-01-07T16:33:05.023Z,Dublin,8.22,mist
2026-01-07T16:33:05.026Z,Dublin,8.53,mist
2026-01-07T18:35:45.048Z,Dublin,11.16,scattered clouds
2026-01-07T18:35:45.051Z,Dublin,11.16,scattered clouds
2026-01-07T20:27:52.719Z,Dublin,13.77,scattered clouds
2026-01-07T20:27:52.721Z,Dublin,13.77,scattered clouds
2026-01-07T22:22:50.016Z,Dublin,14.41,few clouds
2026-01-07T22:22:50.018Z,Dublin,14.46,few clouds
2026-01-08T01:53:24.993Z,Dublin,11.26,clear sky
2026-01-08T01:53:24.995Z,Dublin,11.26,clear sky
2026-01-08T03:41:05.102Z,Dublin,9.98,scattered clouds
2026-01-08T03:41:05.104Z,Dublin,9.98,scattered clouds
2026-01-08T04:41:00.867Z,Dublin,9.55,few clouds
2026-01-08T04:41:00.869Z,Dublin,9.55,few clouds
2026-01-08T06:37:18.041Z,Dublin,9.44,light rain
2026-01-08T06:37:18.043Z,Dublin,9.44,light rain
2026-01-08T08:33:33.092Z,Dublin,9.02,overcast clouds
2026-01-08T08:33:33.095Z,Dublin,9.06,overcast clouds
2026-01-08T10:27:04.306Z,Dublin,8.34,scattered clouds
2026-01-08T10:27:04.308Z,Dublin,8.34,scattered clouds
2026-01-08T12:50:36.709Z,Dublin,6.49,clear sky
2026-01-08T12:50:36.711Z,Dublin,6.49,clear sky
2026-01-08T14:27:40.163Z,Dublin,5.52,clear sky
2026-01-08T14:27:40.165Z,Dublin,5.52,clear sky
2026-01-08T16:32:41.392Z,Dublin,5.46,clear sky
2026-01-08T16:32:41.394Z,Dublin,6.27,clear sky
2026-01-08T18:31:27.606Z,Dublin,9.09,clear sky
2026-01-08T18:31:27.608Z,Dublin,9.09,clear sky
2026-01-08T20:27:25.990Z,Dublin,12.36,clear sky
2026-01-08T20:27:25.992Z,Dublin,12.36,clear sky
2026-01-08T22:23:04.789Z,Dublin,13.34,clear sky
2026-01-08T22:23:04.792Z,Dublin,13.26,clear sky
2026-01-09T01:52:58.965Z,Dublin,9.33,clear sky
2026-01-09T01:52:58.967Z,Dublin,9.33,clear sky
2026-01-09T03:41:20.251Z,Dublin,7.72,clear sky
2026-01-09T03:41:20.253Z,Dublin,7.72,clear sky
2026-01-09T04:41:37.686Z,Dublin,7.58,clear sky
2026-01-09T04:41:37.688Z,Dublin,7.61,clear sky
2026-01-09T06:37:01.356Z,Dublin,6.63,clear sky
2026-01-09T06:37:01.359Z,Dublin,6.63,clear sky
2026-01-09T08:33:53.320Z,Dublin,6.05,clear sky
2026-01-09T08:33:53.322Z,Dublin,6.05,clear sky
2026-01-09T10:26:07.435Z,Dublin,5.32,clear sky
2026-01-09T10:26:07.437Z,Dublin,5.24,clear sky
2026-01-09T12:49:50.858Z,Dublin,4.1,clear sky
2026-01-09T12:49:50.860Z,Dublin,4.1,clear sky
2026-01-09T14:26:41.760Z,Dublin,5.09,clear sky
2026-01-09T14:26:41.767Z,Dublin,5.09,clear sky
2026-01-09T16:30:41.303Z,Dublin,6.22,clear sky
2026-01-09T16:30:41.305Z,Dublin,6.26,clear sky
2026-01-09T18:35:12.775Z,Dublin,10.39,clear sky
2026-01-09T18:35:12.777Z,Dublin,10.4,clear sky
2026-01-09T20:27:02.945Z,Dublin,12.95,clear sky
2026-01-09T20:27:02.947Z,Dublin,12.95,clear sky
2026-01-09T22:23:13.277Z,Dublin,13.91,clear sky
2026-01-09T22:23:13.286Z,Dublin,14.01,clear sky
2026-01-10T01:49:00.892Z,Dublin,9.95,clear sky
2026-01-10T01:49:00.893Z,Dublin,9.95,clear sky
2026-01-10T03:25:25.009Z,Dublin,6.93,clear sky
2026-01-10T03:25:25.011Z,Dublin,6.93,clear sky
2026-01-10T04:34:57.144Z,Dublin,5.66,clear sky
2026-01-10T04:34:57.146Z,Dublin,5.66,clear sky
2026-01-10T06:33:11.313Z,Dublin,5.96,clear sky
2026-01-10T06:33:11.315Z,Dublin,5.96,clear sky
2026-01-10T08:28:46.796Z,Dublin,4.98,clear sky
2026-01-10T08:28:46.798Z,Dublin,4.99,clear sky
2026-01-10T10:22:17.272Z,Dublin,5.32,clear sky
2026-01-10T10:22:17.273Z,Dublin,5.32,clear sky
2026-01-10T12:42:57.117Z,Dublin,4.93,clear sky
2026-01-10T12:42:57.121Z,Dublin,4.93,clear sky
2026-01-10T14:20:33.432Z,Dublin,4.56,clear sky
2026-01-10T14:20:33.434Z,Dublin,4.44,clear sky
2026-01-10T16:27:10.105Z,Dublin,4.45,clear sky
2026-01-10T16:27:10.107Z,Dublin,4.45,clear sky
2026-01-10T18:31:36.125Z,Dublin,8.53,clear sky
2026-01-10T18:31:36.127Z,Dublin,8.58,clear sky
2026-01-10T20:24:08.474Z,Dublin,12.37,clear sky
2026-01-10T20:24:08.476Z,Dublin,12.39,clear sky
2026-01-10T22:21:18.847Z,Dublin,14.01,clear sky
2026-01-10T22:21:18.849Z,Dublin,14.01,clear sky
2026-01-11T02:01:52.793Z,Dublin,10.04,overcast clouds
2026-01-11T02:01:52.795Z,Dublin,10.04,overcast clouds
2026-01-11T04:49:32.141Z,Dublin,7.21,clear sky
2026-01-11T04:49:32.143Z,Dublin,7.26,clear sky
2026-01-11T06:34:50.439Z,Dublin,7.38,clear sky
2026-01-11T06:34:50.440Z,Dublin,6.4,clear sky
2026-01-11T08:29:29.315Z,Dublin,7.87,clear sky
2026-01-11T08:29:29.316Z,Dublin,7.85,clear sky
2026-01-11T10:23:33.213Z,Dublin,5.96,clear sky
2026-01-11T10:23:33.216Z,Dublin,5.96,clear sky
2026-01-11T12:44:22.285Z,Dublin,4.68,clear sky
2026-01-11T12:44:22.287Z,Dublin,4.68,clear sky
2026-01-11T14:20:39.968Z,Dublin,4.94,clear sky
2026-01-11T14:20:39.970Z,Dublin,4.96,clear sky
2026-01-11T16:27:06.342Z,Dublin,4.21,clear sky
2026-01-11T16:27:06.343Z,Dublin,4.21,clear sky
2026-01-11T18:31:38.917Z,Dublin,9.46,clear sky
2026-01-11T18:31:38.919Z,Dublin,9.46,clear sky
2026-01-11T20:25:20.997Z,Dublin,15.05,clear sky
2026-01-11T20:25:20.999Z,Dublin,15.06,clear sky
2026-01-11T22:21:08.076Z,Dublin,16.72,clear sky
2026-01-11T22:21:08.078Z,Dublin,16.72,clear sky
2026-01-12T01:57:40.337Z,Dublin,11.85,clear sky
2026-01-12T01:57:40.339Z,Dublin,11.84,clear sky
2026-01-12T03:54:46.283Z,Dublin,8.18,clear sky
2026-01-12T03:54:46.285Z,Dublin,8.18,clear sky
2026-01-12T04:52:26.584Z,Dublin,7.28,clear sky
2026-01-12T04:52:26.586Z,Dublin,7.28,clear sky
2026-01-12T06:39:50.883Z,Dublin,7.98,clear sky
2026-01-12T06:39:50.885Z,Dublin,8.28,clear sky
2026-01-12T08:35:20.652Z,Dublin,8.01,clear sky
2026-01-12T08:35:20.654Z,Dublin,8.01,clear sky
2026-01-12T10:28:03.445Z,Dublin,7.42,clear sky
2026-01-12T10:28:03.447Z,Dublin,7.42,clear sky
2026-01-12T12:52:07.942Z,Dublin,6.08,clear sky
2026-01-12T12:52:07.944Z,Dublin,6.08,clear sky
2026-01-12T14:27:59.107Z,Dublin,6.27,clear sky
2026-01-12T14:27:59.109Z,Dublin,6.35,clear sky
2026-01-12T16:29:57.050Z,Dublin,8.34,clear sky
2026-01-12T16:29:57.056Z,Dublin,6.86,clear sky
2026-01-12T18:35:53.142Z,Dublin,11.49,clear sky
2026-01-12T18:35:53.144Z,Dublin,11.49,clear sky
2026-01-12T20:27:54.009Z,Dublin,14.2,clear sky
2026-01-12T20:27:54.011Z,Dublin,14.2,clear sky
2026-01-12T22:20:40.491Z,Dublin,15.31,clear sky
2026-01-12T22:20:40.494Z,Dublin,15.31,clear sky
2026-01-13T01:49:21.635Z,Dublin,11.56,clear sky
2026-01-13T01:49:21.636Z,Dublin,11.56,clear sky
2026-01-13T03:39:08.357Z,Dublin,8.54,clear sky
2026-01-13T03:39:08.359Z,Dublin,8.54,clear sky
2026-01-13T04:41:40.307Z,Dublin,8.24,clear sky
2026-01-13T04:41:40.309Z,Dublin,8.24,clear sky
2026-01-13T06:37:12.611Z,Dublin,8.36,clear sky
2026-01-13T06:37:12.613Z,Dublin,8.36,clear sky
2026-01-13T08:33:35.735Z,Dublin,9.17,clear sky
2026-01-13T08:33:35.736Z,Dublin,9.17,clear sky
2026-01-13T10:26:58.575Z,Dublin,7.68,clear sky
2026-01-13T10:26:58.577Z,Dublin,7.68,clear sky
2026-01-13T12:52:12.343Z,Dublin,6.17,clear sky
2026-01-13T12:52:12.345Z,Dublin,6.17,clear sky
2026-01-13T14:27:33.515Z,Dublin,5.27,clear sky
2026-01-13T14:27:33.519Z,Dublin,5.27,clear sky
2026-01-13T16:34:37.316Z,Dublin,8.36,clear sky
2026-01-13T16:34:37.318Z,Dublin,8.36,clear sky
2026-01-13T18:34:17.425Z,Dublin,11.06,clear sky
2026-01-13T18:34:17.427Z,Dublin,13.21,clear sky
2026-01-13T20:27:52.908Z,Dublin,15.64,clear sky
2026-01-13T20:27:52.910Z,Dublin,15.64,clear sky
2026-01-13T22:24:01.138Z,Dublin,18.38,clear sky
2026-01-13T22:24:01.154Z,Dublin,18.38,clear sky
2026-01-14T01:56:44.497Z,Dublin,13.33,clear sky
2026-01-14T01:56:44.499Z,Dublin,13.33,clear sky
2026-01-14T03:51:11.388Z,Dublin,9.6,clear sky
2026-01-14T03:51:11.390Z,Dublin,9.6,clear sky
2026-01-14T04:48:26.964Z,Dublin,8.62,clear sky
2026-01-14T04:48:26.968Z,Dublin,8.62,clear sky
2026-01-14T06:37:32.885Z,Dublin,9.76,clear sky
2026-01-14T06:37:32.887Z,Dublin,9.76,clear sky
2026-01-14T08:33:35.974Z,Dublin,7.93,clear sky
2026-01-14T08:33:35.976Z,Dublin,7.93,clear sky
2026-01-14T10:27:35.366Z,Dublin,8.95,clear sky
2026-01-14T10:27:35.368Z,Dublin,8.95,clear sky
2026-01-14T12:51:41.631Z,Dublin,7.89,clear sky
2026-01-14T12:51:41.633Z,Dublin,7.89,clear sky
2026-01-14T14:27:39.925Z,Dublin,5.76,clear sky
2026-01-14T14:27:39.927Z,Dublin,5.76,clear sky
2026-01-14T16:33:39.551Z,Dublin,5.83,clear sky
2026-01-14T16:33:39.552Z,Dublin,5.83,clear sky
2026-01-14T18:36:03.854Z,Dublin,11.81,clear sky
2026-01-14T18:36:03.856Z,Dublin,13.43,clear sky
2026-01-14T20:24:15.590Z,Dublin,16.87,clear sky
2026-01-14T20:24:15.592Z,Dublin,16.87,clear sky
2026-01-14T22:24:26.399Z,Dublin,18.26,clear sky
2026-01-14T22:24:26.401Z,Dublin,18.15,clear sky
2026-01-15T01:51:51.343Z,Dublin,13.85,clear sky
2026-01-15T01:51:51.345Z,Dublin,13.85,clear sky
2026-01-15T03:42:59.675Z,Dublin,9.79,clear sky
2026-01-15T03:42:59.679Z,Dublin,9.79,clear sky
2026-01-15T04:42:34.662Z,Dublin,9.29,clear sky
2026-01-15T04:42:34.664Z,Dublin,9.29,clear sky
2026-01-15T06:36:58.395Z,Dublin,8.88,clear sky
2026-01-15T06:36:58.397Z,Dublin,8.9,clear sky
2026-01-15T08:33:47.957Z,Dublin,8.73,clear sky
2026-01-15T08:33:47.959Z,Dublin,8.73,clear sky
2026-01-15T10:27:27.549Z,Dublin,9.74,clear sky
2026-01-15T10:27:27.551Z,Dublin,9.74,clear sky
2026-01-15T12:50:31.391Z,Dublin,7.26,clear sky
2026-01-15T12:50:31.393Z,Dublin,7.26,clear sky
2026-01-15T14:27:08.131Z,Dublin,6.8,clear sky
2026-01-15T14:27:08.133Z,Dublin,6.8,clear sky
2026-01-15T16:37:30.382Z,Dublin,7.48,clear sky
2026-01-15T16:37:30.390Z,Dublin,7.48,clear sky
2026-01-15T18:39:19.906Z,Dublin,13.56,clear sky
2026-01-15T18:39:19.908Z,Dublin,13.56,clear sky
2026-01-15T20:27:53.947Z,Dublin,15.81,haze
2026-01-15T20:27:53.949Z,Dublin,15.81,haze
2026-01-15T22:23:52.983Z,Dublin,18.29,haze
2026-01-15T22:23:52.985Z,Dublin,18.29,haze
2026-01-16T01:53:36.249Z,Dublin,14.73,clear sky
2026-01-16T01:53:36.251Z,Dublin,14.73,clear sky
2026-01-16T03:41:16.490Z,Dublin,11.04,clear sky
2026-01-16T03:41:16.499Z,Dublin,11,clear sky
2026-01-16T04:41:33.157Z,Dublin,10.85,clear sky
2026-01-16T04:41:33.175Z,Dublin,10.85,clear sky
2026-01-16T06:37:15.384Z,Dublin,9.25,clear sky
2026-01-16T06:37:15.386Z,Dublin,9.37,clear sky
2026-01-16T08:32:56.907Z,Dublin,10.09,clear sky
2026-01-16T08:32:56.909Z,Dublin,10.09,clear sky
2026-01-16T10:26:46.260Z,Dublin,8.93,clear sky
2026-01-16T10:26:46.262Z,Dublin,8.93,clear sky
2026-01-16T12:49:53.334Z,Dublin,7.35,clear sky
2026-01-16T12:49:53.336Z,Dublin,7.74,clear sky
2026-01-16T14:26:10.426Z,Dublin,7.13,clear sky
2026-01-16T14:26:10.427Z,Dublin,7.1,clear sky
2026-01-16T16:31:43.543Z,Dublin,8.51,clear sky
2026-01-16T16:31:43.545Z,Dublin,8.51,clear sky
2026-01-16T18:35:43.196Z,Dublin,14.72,clear sky
2026-01-16T18:35:43.198Z,Dublin,14.72,clear sky
2026-01-16T20:24:21.198Z,Dublin,18.57,clear sky
2026-01-16T20:24:21.200Z,Dublin,18.57,clear sky
2026-01-16T22:23:10.512Z,Dublin,20.8,clear sky
2026-01-16T22:23:10.514Z,Dublin,20.74,clear sky
2026-01-17T01:47:57.253Z,Dublin,15.3,clear sky
2026-01-17T01:47:57.255Z,Dublin,14.92,clear sky
2026-01-17T03:24:02.201Z,Dublin,11.84,clear sky
2026-01-17T03:24:02.203Z,Dublin,11.84,clear sky
2026-01-17T04:33:37.028Z,Dublin,11.06,clear sky
2026-01-17T04:33:37.030Z,Dublin,11.06,clear sky
2026-01-17T06:33:16.001Z,Dublin,11.97,clear sky
2026-01-17T06:33:16.003Z,Dublin,11.97,clear sky
2026-01-17T08:28:45.730Z,Dublin,10.24,clear sky
2026-01-17T08:28:45.732Z,Dublin,10.24,clear sky
2026-01-17T10:22:10.190Z,Dublin,8.92,clear sky
2026-01-17T10:22:10.192Z,Dublin,8.92,clear sky
2026-01-17T12:42:41.355Z,Dublin,7.12,clear sky
2026-01-17T12:42:41.357Z,Dublin,7.12,clear sky
2026-01-17T14:20:37.813Z,Dublin,7.48,clear sky
2026-01-17T14:20:37.815Z,Dublin,7.48,clear sky
2026-01-17T16:25:41.351Z,Dublin,7.75,clear sky
2026-01-17T16:25:41.353Z,Dublin,7.75,clear sky
2026-01-17T18:30:54.965Z,Dublin,13.03,clear sky
2026-01-17T18:30:54.967Z,Dublin,13.03,clear sky
2026-01-17T20:24:26.291Z,Dublin,16.65,clear sky
2026-01-17T20:24:26.293Z,Dublin,16.62,clear sky
2026-01-17T22:21:20.713Z,Dublin,18.06,clear sky
2026-01-17T22:21:20.715Z,Dublin,18.17,clear sky
2026-01-18T02:00:06.528Z,Dublin,13.18,overcast clouds
2026-01-18T02:00:06.530Z,Dublin,13.18,overcast clouds
2026-01-18T03:51:23.445Z,Dublin,10.66,clear sky
2026-01-18T03:51:23.447Z,Dublin,10.66,clear sky
2026-01-18T04:42:42.917Z,Dublin,11.04,clear sky
2026-01-18T04:42:42.919Z,Dublin,11.04,clear sky
2026-01-18T06:34:17.343Z,Dublin,10.03,clear sky
2026-01-18T06:34:17.345Z,Dublin,10.03,clear sky
2026-01-18T08:29:29.392Z,Dublin,9.64,clear sky
2026-01-18T08:29:29.394Z,Dublin,9.64,clear sky
2026-01-18T10:23:04.361Z,Dublin,8.92,clear sky
2026-01-18T10:23:04.363Z,Dublin,8.92,clear sky
2026-01-18T12:43:04.161Z,Dublin,8.42,clear sky
2026-01-18T12:43:04.163Z,Dublin,8.42,clear sky
2026-01-18T14:19:58.215Z,Dublin,9.07,clear sky
2026-01-18T14:19:58.217Z,Dublin,9.07,clear sky
2026-01-18T16:27:08.392Z,Dublin,8.81,clear sky
2026-01-18T16:27:08.394Z,Dublin,8.89,clear sky
2026-01-18T18:30:43.596Z,Dublin,13.68,clear sky
2026-01-18T18:30:43.598Z,Dublin,13.68,clear sky
2026-01-18T20:24:38.028Z,Dublin,17.41,clear sky
2026-01-18T20:24:38.034Z,Dublin,17.41,clear sky
2026-01-18T22:21:49.203Z,Dublin,18.44,clear sky
2026-01-18T22:21:49.205Z,Dublin,18.44,clear sky
2026-01-19T01:58:13.796Z,Dublin,14.25,clear sky
2026-01-19T01:58:13.798Z,Dublin,14.13,clear sky
2026-01-19T03:55:57.513Z,Dublin,10.78,clear sky
2026-01-19T03:55:57.515Z,Dublin,10.78,clear sky
2026-01-19T04:54:51.554Z,Dublin,10.19,clear sky
2026-01-19T04:54:51.556Z,Dublin,10.19,clear sky
2026-01-19T06:41:19.975Z,Dublin,11.96,clear sky
2026-01-19T06:41:19.977Z,Dublin,11.96,clear sky
2026-01-19T08:35:55.921Z,Dublin,8.96,clear sky
2026-01-19T08:35:55.923Z,Dublin,8.96,clear sky
2026-01-19T10:32:00.032Z,Dublin,10.8,clear sky
2026-01-19T10:32:00.034Z,Dublin,10.8,clear sky
2026-01-19T12:54:13.027Z,Dublin,7.88,clear sky
2026-01-19T12:54:13.029Z,Dublin,7.88,clear sky
2026-01-19T14:29:27.710Z,Dublin,6.55,clear sky
2026-01-19T14:29:27.713Z,Dublin,6.55,clear sky
2026-01-19T16:32:18.963Z,Dublin,7.43,clear sky
2026-01-19T16:32:18.967Z,Dublin,7.43,clear sky
2026-01-19T18:34:58.135Z,Dublin,15.41,few clouds
2026-01-19T18:34:58.137Z,Dublin,15.41,few clouds
2026-01-19T20:26:41.889Z,Dublin,17.44,clear sky
2026-01-19T20:26:41.896Z,Dublin,17.44,clear sky
2026-01-19T22:23:49.134Z,Dublin,18.36,clear sky
2026-01-19T22:23:49.136Z,Dublin,18.36,clear sky
2026-01-20T01:53:17.061Z,Dublin,13.66,clear sky
2026-01-20T01:53:17.063Z,Dublin,13.66,clear sky
2026-01-20T03:45:35.490Z,Dublin,10,clear sky
2026-01-20T03:45:35.492Z,Dublin,10,clear sky
2026-01-20T04:47:21.476Z,Dublin,9.36,clear sky
2026-01-20T04:47:21.478Z,Dublin,9.36,clear sky
2026-01-20T06:39:01.205Z,Dublin,9.07,clear sky
2026-01-20T06:39:01.207Z,Dublin,9.07,clear sky
2026-01-20T08:35:21.706Z,Dublin,8.64,clear sky
2026-01-20T08:35:21.708Z,Dublin,8.64,clear sky
2026-01-20T10:30:20.205Z,Dublin,8.83,clear sky
2026-01-20T10:30:20.207Z,Dublin,8.83,clear sky
2026-01-20T12:54:25.208Z,Dublin,6.02,clear sky
2026-01-20T12:54:25.210Z,Dublin,6.02,clear sky
2026-01-20T14:33:17.396Z,Dublin,6.64,clear sky
2026-01-20T14:33:17.398Z,Dublin,6.64,clear sky
2026-01-20T16:38:00.661Z,Dublin,7.47,clear sky
2026-01-20T16:38:00.663Z,Dublin,7.47,clear sky
2026-01-20T18:40:07.167Z,Dublin,12.03,clear sky
2026-01-20T18:40:07.182Z,Dublin,12.1,clear sky
2026-01-20T20:42:51.315Z,Dublin,13.67,clear sky
2026-01-20T20:42:51.317Z,Dublin,13.67,clear sky
2026-01-20T22:24:42.701Z,Dublin,13.75,clear sky
2026-01-20T22:24:42.707Z,Dublin,13.75,clear sky
2026-01-21T01:56:08.975Z,Dublin,11.81,clear sky
2026-01-21T01:56:08.977Z,Dublin,11.81,clear sky
2026-01-21T03:46:48.124Z,Dublin,10.57,clear sky
2026-01-21T03:46:48.126Z,Dublin,10.41,clear sky
2026-01-21T04:46:24.880Z,Dublin,9.89,clear sky
2026-01-21T04:46:24.883Z,Dublin,9.83,clear sky
2026-01-21T06:39:28.579Z,Dublin,8.44,clear sky
2026-01-21T06:39:28.581Z,Dublin,8.44,clear sky
2026-01-21T08:34:46.942Z,Dublin,8.99,clear sky
2026-01-21T08:34:46.943Z,Dublin,8.99,clear sky
2026-01-21T10:31:33.200Z,Dublin,8.48,clear sky
2026-01-21T10:31:33.206Z,Dublin,8.28,clear sky
2026-01-21T12:54:25.161Z,Dublin,8.88,clear sky
2026-01-21T12:54:25.163Z,Dublin,8.88,clear sky
2026-01-21T14:33:20.851Z,Dublin,7.9,clear sky
2026-01-21T14:33:20.856Z,Dublin,8,clear sky
2026-01-21T16:53:44.075Z,Dublin,8.14,clear sky
2026-01-21T16:53:44.077Z,Dublin,8.14,clear sky
2026-01-21T18:45:45.924Z,Dublin,12.38,clear sky
2026-01-21T18:45:45.926Z,Dublin,12.43,clear sky
2026-01-21T20:33:32.408Z,Dublin,13.8,clear sky
2026-01-21T20:33:32.410Z,Dublin,13.8,clear sky
2026-01-21T22:27:11.974Z,Dublin,13.85,few clouds
2026-01-21T22:27:11.976Z,Dublin,13.85,few clouds
2026-01-22T01:56:42.159Z,Dublin,11.49,clear sky
2026-01-22T01:56:42.161Z,Dublin,11.49,clear sky
2026-01-22T03:51:42.957Z,Dublin,10.71,clear sky
2026-01-22T03:51:42.959Z,Dublin,10.87,clear sky
2026-01-22T04:50:37.495Z,Dublin,10.6,clear sky
2026-01-22T04:50:37.497Z,Dublin,10.58,clear sky
2026-01-22T06:38:18.949Z,Dublin,9.72,clear sky
2026-01-22T06:38:18.951Z,Dublin,9.91,clear sky
2026-01-22T08:35:42.286Z,Dublin,9.36,mist
2026-01-22T08:35:42.288Z,Dublin,9.36,mist
2026-01-22T10:29:42.899Z,Dublin,8.77,clear sky
2026-01-22T10:29:42.912Z,Dublin,8.77,clear sky
2026-01-22T12:54:17.102Z,Dublin,9.3,clear sky
2026-01-22T12:54:17.104Z,Dublin,9.3,clear sky
2026-01-22T14:32:30.223Z,Dublin,9.42,clear sky
2026-01-22T14:32:30.230Z,Dublin,7.76,clear sky
2026-01-22T16:37:58.656Z,Dublin,9.62,clear sky
2026-01-22T16:37:58.658Z,Dublin,9.62,clear sky
2026-01-22T18:35:57.590Z,Dublin,13.39,scattered clouds
2026-01-22T18:35:57.592Z,Dublin,13.39,scattered clouds
2026-01-22T20:30:17.297Z,Dublin,16.41,clear sky
2026-01-22T20:30:17.299Z,Dublin,16.41,clear sky
2026-01-22T22:25:33.026Z,Dublin,18.69,scattered clouds
2026-01-22T22:25:33.028Z,Dublin,18.69,scattered clouds
2026-01-23T01:53:08.709Z,Dublin,13.91,clear sky
2026-01-23T01:53:08.712Z,Dublin,13.91,clear sky
2026-01-23T03:44:10.286Z,Dublin,10.81,clear sky
2026-01-23T03:44:10.288Z,Dublin,10.81,clear sky
2026-01-23T04:44:32.022Z,Dublin,9.98,clear sky
2026-01-23T04:44:32.029Z,Dublin,9.98,clear sky
2026-01-23T06:38:02.688Z,Dublin,7.95,clear sky
2026-01-23T06:38:02.691Z,Dublin,8.44,clear sky
2026-01-23T08:33:22.340Z,Dublin,8.73,clear sky
2026-01-23T08:33:22.342Z,Dublin,8.73,clear sky
2026-01-23T10:27:29.969Z,Dublin,8.26,overcast clouds
2026-01-23T10:27:29.971Z,Dublin,8.26,overcast clouds
2026-01-23T12:51:54.310Z,Dublin,8.15,clear sky
2026-01-23T12:51:54.312Z,Dublin,8.15,clear sky
